{
    "name": "Baldor MacroPAD 84K",
    "vendorId": "0x1209",
    "productId": "0x0BAB",
    "vendorProductId": 302582699,
    "lighting": "none",
    "matrix":
    {
        "rows": 10,
        "cols": 12
    },
    "layouts":
    {
        "keymap": [
            [
                {
                    "y":0.25,
                    "x":14.5,
                    "a":7
                },
                "9,0",
                {
                    "x": 0.1499999999999999,
                    "w": 1
                },
                "9,1",
                {
                    "x": 0.1499999999999999,
                    "w": 1
                },
                "8,0",
                {
                    "x": 0.1499999999999999,
                    "w": 1
                }
            ],
            [
                {
                    "y": 0.25,
                    "c": "#393b3b",
                    "t": "#f7f2ea",
                    "p": "OEM",
                    "st": "MX1A-11xx",
                    "w": 1.35
                },
                "0,0",
                {
                    "x": 0.1499999999999999,
                    "w": 1.35
                },
                "4,0",
                {
                    "x": 0.1499999999999999,
                    "w": 1.35
                },
                "0,1",
                {
                    "x": 0.1499999999999999,
                    "w": 1.35
                },
                "4,1",
                {
                    "x": 0.1499999999999999,
                    "w": 1.35
                },
                "0,2",
                {
                    "x": 0.1499999999999999,
                    "w": 1.35
                },
                "4,2",
                {
                    "x": 0.1499999999999999,
                    "w": 1.35
                },
                "0,3",
                {
                    "x": 0.1499999999999999,
                    "w": 1.35
                },
                "4,3",
                {
                    "x": 0.1499999999999999,
                    "w": 1.35
                },
                "0,4",
                {
                    "x": 0.1499999999999999,
                    "w": 1.35
                },
                "4,4",
                {
                    "x": 0.1499999999999999,
                    "w": 1.35
                },
                "0,5",
                {
                    "x": 0.1499999999999999,
                    "w": 1.35
                },
                "4,5",
                {
                    "x": 0.1499999999999999,
                    "w": 1.35
                }
            ],
            [
                {
                    "y": 0.25,
                    "w": 1.35
                },
                "1,0",
                {
                    "x": 0.1499999999999999,
                    "w": 1.35
                },
                "5,0",
                {
                    "x": 0.1499999999999999,
                    "w": 1.35
                },
                "1,1",
                {
                    "x": 0.1499999999999999,
                    "w": 1.35
                },
                "5,1",
                {
                    "x": 0.1499999999999999,
                    "w": 1.35
                },
                "1,2",
                {
                    "x": 0.1499999999999999,
                    "w": 1.35
                },
                "5,2",
                {
                    "x": 0.1499999999999999,
                    "w": 1.35
                },
                "1,3",
                {
                    "x": 0.1499999999999999,
                    "w": 1.35
                },
                "5,3",
                {
                    "x": 0.1499999999999999,
                    "w": 1.35
                },
                "1,4",
                {
                    "x": 0.1499999999999999,
                    "w": 1.35
                },
                "5,4",
                {
                    "x": 0.1499999999999999,
                    "w": 1.35
                },
                "1,5",
                {
                    "x": 0.1499999999999999,
                    "w": 1.35
                },
                "5,5",
                {
                    "x": 0.1499999999999999,
                    "w": 1.35
                }
            ],
            [
                {
                    "y": 0.25,
                    "w": 1.35
                },
                "2,0",
                {
                    "x": 0.1499999999999999,
                    "w": 1.35
                },
                "6,0",
                {
                    "x": 0.1499999999999999,
                    "w": 1.35
                },
                "2,1",
                {
                    "x": 0.1499999999999999,
                    "w": 1.35
                },
                "6,1",
                {
                    "x": 0.1499999999999999,
                    "w": 1.35
                },
                "2,2",
                {
                    "x": 0.1499999999999999,
                    "w": 1.35
                },
                "6,2",
                {
                    "x": 0.1499999999999999,
                    "w": 1.35
                },
                "2,3",
                {
                    "x": 0.1499999999999999,
                    "w": 1.35
                },
                "6,3",
                {
                    "x": 0.1499999999999999,
                    "w": 1.35
                },
                "2,4",
                {
                    "x": 0.1499999999999999,
                    "w": 1.35
                },
                "6,4",
                {
                    "x": 0.1499999999999999,
                    "w": 1.35
                },
                "2,5",
                {
                    "x": 0.1499999999999999,
                    "w": 1.35
                },
                "6,5",
                {
                    "x": 0.1499999999999999,
                    "w": 1.35
                }
            ],
            [
                {
                    "y": 0.25,
                    "w": 1.35
                },
                "3,0",
                {
                    "x": 0.1499999999999999,
                    "w": 1.35
                },
                "7,0",
                {
                    "x": 0.1499999999999999,
                    "w": 1.35
                },
                "3,1",
                {
                    "x": 0.1499999999999999,
                    "w": 1.35
                },
                "7,1",
                {
                    "x": 0.1499999999999999,
                    "w": 1.35
                },
                "3,2",
                {
                    "x": 0.1499999999999999,
                    "w": 1.35
                },
                "7,2",
                {
                    "x": 0.1499999999999999,
                    "w": 1.35
                },
                "3,3",
                {
                    "x": 0.1499999999999999,
                    "w": 1.35
                },
                "7,3",
                {
                    "x": 0.1499999999999999,
                    "w": 1.35
                },
                "3,4",
                {
                    "x": 0.1499999999999999,
                    "w": 1.35
                },
                "7,4",
                {
                    "x": 0.1499999999999999,
                    "w": 1.35
                },
                "3,5",
                {
                    "x": 0.1499999999999999,
                    "w": 1.35
                },
                "7,5",
                {
                    "x": 0.1499999999999999,